{
  "version": "1.0",
  "response": {
    "directives": [],
    "shouldEndSession": false,
    "card": {
      "type": "Standard",
      "title": "Reservation Status",
      "text": "Successfully created the reservation with number 10"
    },
    "outputSpeech": {
      "type": "SSML",
      "ssml": "<speak>Successfully created the reservation with number 10</speak>"
    },
    "reprompt": {
      "outputSpeech": {
        "type": "SSML",
        "ssml": "<speak>You may want to continue the conversation. I am still listening. How can I help you?</speak>"
      }
    }
  },
  "sessionAttributes": {
    "read": true,
    "category": true
  },
  "dummy": "text"
}