{
  "interactionModel": {
    "languageModel": {
      "invocationName": "diet list",
      "intents": [
        {
          "name": "AMAZON.CancelIntent",
          "samples": []
        },
        {
          "name": "AMAZON.HelpIntent",
          "samples": []
        },
        {
          "name": "AMAZON.StopIntent",
          "samples": []
        },
        {
          "name": "HelloWorldIntent",
          "slots": [],
          "samples": [
            "hello",
            "how are you",
            "say hi world",
            "say hi",
            "hi",
            "say hello world",
            "say hello"
          ]
        },
        {
          "name": "AMAZON.NavigateHomeIntent",
          "samples": []
        },
        {
          "name": "AMAZON.FallbackIntent",
          "samples": []
        },
        {
          "name": "MakeDietList",
          "slots": [
            {
              "name": "RemindDate",
              "type": "AMAZON.DATE",
              "samples": [
                "make remind on  {RemindDate}"
              ]
            },
            {
              "name": "RemindTime",
              "type": "AMAZON.TIME",
              "samples": [
                "at {RemindTime}"
              ]
            },
            {
              "name": "PersonName",
              "type": "AMAZON.FirstName",
              "samples": [
                "{PersonName}"
              ]
            },
            {
              "name": "NumberOfPeople",
              "type": "AMAZON.FirstName",
              "samples": [
                "remind for {NumberOfPeople} person",
                "there will be {NumberOfPeople} people"
              ]
            }
          ],
          "samples": [
            "Can you make me on {RemindDate} at {RemindTime} for {NumberOfPeople}",
            "Can you make me of {NumberOfPeople} on {RemindDate} at {RemindTime} for name {PersonName}",
            "Can you make me diet list  on {RemindDate} at {RemindTime}",
            "Can you make me of new diet list"
          ]
        }
      ],
      "types": []
    },
    "dialog": {
      "intents": [
        {
          "name": "MakeDietList",
          "confirmationRequired": false,
          "prompts": {},
          "slots": [
            {
              "name": "RemindDate",
              "type": "AMAZON.DATE",
              "confirmationRequired": false,
              "elicitationRequired": true,
              "prompts": {
                "elicitation": "Elicit.Slot.109043132068.372269114050"
              }
            },
            {
              "name": "RemindTime",
              "type": "AMAZON.TIME",
              "confirmationRequired": false,
              "elicitationRequired": true,
              "prompts": {
                "elicitation": "Elicit.Slot.109043132068.822662919423"
              }
            },
            {
              "name": "PersonName",
              "type": "AMAZON.FirstName",
              "confirmationRequired": false,
              "elicitationRequired": true,
              "prompts": {
                "elicitation": "Elicit.Slot.420745374660.1022739601513"
              }
            },
            {
              "name": "NumberOfPeople",
              "type": "AMAZON.FirstName",
              "confirmationRequired": false,
              "elicitationRequired": true,
              "prompts": {
                "elicitation": "Elicit.Slot.420745374660.421516862383"
              }
            }
          ]
        }
      ],
      "delegationStrategy": "ALWAYS"
    },
    "prompts": [
      {
        "id": "Elicit.Slot.109043132068.372269114050",
        "variations": [
          {
            "type": "PlainText",
            "value": "what is the remind date?"
          }
        ]
      },
      {
        "id": "Elicit.Slot.109043132068.822662919423",
        "variations": [
          {
            "type": "PlainText",
            "value": "what time do you want to book?"
          },
          {
            "type": "PlainText",
            "value": "what is the remind time?"
          }
        ]
      },
      {
        "id": "Elicit.Slot.420745374660.421516862383",
        "variations": [
          {
            "type": "PlainText",
            "value": "How many people will be there?"
          }
        ]
      },
      {
        "id": "Elicit.Slot.420745374660.1022739601513",
        "variations": [
          {
            "type": "PlainText",
            "value": "on which name do you want to make the remind?"
          }
        ]
      }
    ]
  }
}